{
    "slides": [
      {
        "time": 0,
        "url": "https://perso.telecom-paris.fr/dufourd/cours/outils/ue_outils_git_aide.htm"
      },
      {
        "time": 2,
        "url": "https://perso.telecom-paris.fr/dufourd/cours/inf203/js.html#/equality"
      },
      {
        "time": 4,
        "url": "https://perso.telecom-paris.fr/dufourd/cours/git/slr201.htm#/git"
      },
      {
        "time": 6,
        "url": "https://perso.telecom-paris.fr/dufourd/cours/inf203/svg.html#/svg-path"
      },
      {
        "time": 8,
        "url": "https://perso.telecom-paris.fr/dufourd/cours/inf203/internet.html#/dns-domain-name-system"
      },
      {
        "time": 10,
        "url": ""
      }
    ]
  }