Date,Open_FCHI,High_FCHI,Low_FCHI,Close_FCHI,Adj Close_FCHI,Volume_FCHI,Open_IRX,High_IRX,Low_IRX,Close_IRX,Adj Close_IRX,Volume_IRX,Open_FP,High_FP,Low_FP,Close_FP,Adj Close_FP,Volume_FP,Open_VIV,High_VIV,Low_VIV,Close_VIV,Adj Close_VIV,Volume_VIV
2017-10-24,5377.859863,5413.029785,5377.859863,5394.799805,5394.799805,74560600,1.098,1.098,1.098,1.098,1.098,0,46.044998,46.595001,46.040001,46.355,44.112892,4171976,20.469999,20.66,20.355,20.49,20.063322,3158474
2017-10-25,5399.609863,5416.540039,5364.160156,5374.890137,5374.890137,80466800,1.095,1.098,1.08,1.083,1.083,0,46.325001,46.459999,45.875,45.900002,43.679897,4501746,20.424999,20.620001,20.385,20.495001,20.068218,2268750
2017-10-26,5383.439941,5459.609863,5375.259766,5455.399902,5455.399902,90950700,1.08,1.083,1.075,1.08,1.08,0,45.994999,46.575001,45.799999,46.575001,44.322254,5488319,20.549999,20.74,20.41,20.695,20.264053,2547526
2017-10-27,5470.339844,5513.529785,5470.240234,5494.129883,5494.129883,95585200,1.075,1.075,1.073,1.073,1.073,0,46.59,47.625,46.490002,47.27,44.983635,8383356,20.75,20.75,20.445,20.555,20.126968,3358376
2017-10-30,5488.330078,5507.560059,5487.290039,5493.629883,5493.629883,67428800,1.073,1.08,1.073,1.075,1.075,0,47.32,47.799999,47.305,47.77,45.459454,4539583,20.530001,21.059999,20.52,21.02,20.582287,3474979
2017-10-31,5492.629883,5511.25,5489.410156,5503.290039,5503.290039,75164700,1.12,1.123,1.118,1.123,1.123,0,47.945,48.165001,47.705002,47.869999,45.554611,4854922,21.125,21.415001,21.049999,21.325001,20.880936,3308917
2017-11-01,5524.379883,5536.399902,5514.290039,5514.290039,5514.290039,75303700,1.123,1.138,1.123,1.138,1.138,0,48.195,48.544998,48.139999,48.279999,45.944778,4926962,21.34,21.754999,21.280001,21.719999,21.267708,3692862
2017-11-02,5510.959961,5520.810059,5486.240234,5510.5,5510.5,70253200,1.133,1.143,1.133,1.138,1.138,0,48.34,48.494999,48.009998,48.459999,46.116074,4853655,21.75,21.795,21.575001,21.695,21.243229,2417071
2017-11-03,5513.470215,5521.919922,5498.290039,5517.970215,5517.970215,75125000,1.135,1.148,1.135,1.148,1.148,0,48.645,48.68,48.095001,48.474998,46.130348,4369670,21.735001,21.790001,21.549999,21.74,21.287292,1923826
2017-11-06,5507.069824,5513.310059,5492.899902,5507.25,5507.25,70213800,1.158,1.16,1.153,1.158,1.158,0,48.48,48.705002,48.32,48.615002,46.263584,4225760,21.700001,21.780001,21.594999,21.605,21.155104,1753668
2017-11-07,5521.75,5525.549805,5475.919922,5480.640137,5480.640137,78339100,1.185,1.208,1.185,1.188,1.188,0,48.900002,49.334999,48.884998,48.889999,46.525276,7390785,21.700001,21.700001,21.4,21.4,20.954372,1722246
2017-11-08,5487.529785,5496.080078,5452.200195,5471.430176,5471.430176,92596200,1.188,1.2,1.188,1.195,1.195,0,48.884998,49.084999,48.720001,48.924999,46.558586,4628480,21.475,21.48,21.110001,21.184999,20.743849,2869651
2017-11-09,5470.180176,5479.700195,5401.430176,5407.75,5407.75,98897900,1.205,1.228,1.203,1.203,1.203,0,48.849998,49.209999,48.419998,48.564999,46.215996,5705782,21.125,21.25,20.924999,20.945,20.508846,2521420
2017-11-10,5405.549805,5415.879883,5375.120117,5380.720215,5380.720215,84901400,1.205,1.205,1.2,1.2,1.2,0,48.599998,48.84,47.875,48.049999,45.725903,5468813,21.014999,21.035,20.655001,20.875,20.440306,2474909
2017-11-13,5382.649902,5384.759766,5301.02002,5341.629883,5341.629883,84572600,1.2,1.2,1.18,1.185,1.185,0,48.09,48.215,47.165001,47.580002,45.278641,5619650,20.879999,21.184999,20.559999,20.77,20.337492,3282897
2017-11-14,5345.299805,5365.640137,5301.569824,5315.580078,5315.580078,90263700,1.228,1.24,1.228,1.24,1.24,0,47.34,47.485001,46.665001,46.935001,44.664841,6877396,21.299999,21.674999,21.125,21.625,21.174686,7007619
2017-11-15,5301.140137,5312.390137,5267.220215,5301.25,5301.25,94175400,1.233,1.245,1.23,1.23,1.23,0,46.43,46.685001,46.07,46.305,44.065311,6523552,21.610001,21.690001,21.110001,21.110001,20.670412,4822459
2017-11-16,5325.410156,5345.22998,5312.870117,5336.390137,5336.390137,74296300,1.223,1.235,1.223,1.23,1.23,0,46.525002,46.575001,46.07,46.299999,44.060551,4764514,21.129999,21.74,21.129999,21.66,21.208958,4271164
2017-11-17,5335.850098,5350.25,5304.350098,5319.169922,5319.169922,88650100,1.23,1.24,1.23,1.24,1.24,0,46.235001,46.634998,45.955002,46.285,44.046272,5571254,21.200001,22.83,21.02,22.610001,22.139175,11434471
2017-11-20,5311.279785,5348.149902,5302.850098,5340.450195,5340.450195,66757000,1.24,1.245,1.235,1.24,1.24,0,46.285,46.610001,46.16,46.48,44.231846,4064633,22.645,22.889999,22.49,22.860001,22.38397,4982026
2017-11-21,5335.839844,5385.859863,5326.859863,5366.149902,5366.149902,74777300,1.283,1.29,1.275,1.278,1.278,0,46.435001,47.25,46.369999,46.924999,44.655323,5697374,22.799999,23.209999,22.700001,23.15,22.667931,4339881
2017-11-22,5364.609863,5391.009766,5352.759766,5352.759766,5352.759766,67526600,1.275,1.278,1.255,1.265,1.265,0,47.134998,47.595001,47.035,47.27,44.983635,5471192,23.055,23.245001,22.969999,23.09,22.60918,3102827
2017-11-24,5374.399902,5419.879883,5374.399902,5390.459961,5390.459961,54357200,1.263,1.263,1.235,1.24,1.24,0,47.349998,47.759998,47.235001,47.349998,45.059765,2730546,23.135,23.395,22.98,23.275,22.790327,3118114
2017-11-27,5378.959961,5408.470215,5359.390137,5360.089844,5360.089844,62120700,1.243,1.243,1.223,1.223,1.223,0,47.169998,47.645,47.014999,47.264999,44.978874,4246340,22.905001,23.264999,22.844999,22.99,22.511263,3319044
2017-11-28,5366.379883,5398.189941,5357.279785,5390.47998,5390.47998,65960000,1.27,1.27,1.265,1.265,1.265,0,47.290001,47.810001,47.290001,47.509998,45.212025,5585631,22.985001,23.135,22.764999,22.834999,22.359489,2985920
2017-11-29,5416.490234,5441.689941,5394.890137,5398.049805,5398.049805,92621500,1.265,1.265,1.25,1.258,1.258,0,47.860001,48.029999,47.240002,47.705002,45.397594,4980951,22.924999,22.940001,22.684999,22.709999,22.237093,3864458
2017-11-30,5402.660156,5429.649902,5372.589844,5372.790039,5372.790039,128032500,1.263,1.263,1.238,1.238,1.238,0,47.674999,47.924999,47.404999,47.404999,45.112103,7228468,22.780001,22.780001,22.365,22.365,21.899277,6352830
2017-12-01,5374.129883,5378.319824,5299.060059,5316.890137,5316.890137,99908800,1.238,1.255,1.23,1.235,1.235,0,47.689999,48.025002,47.035,47.395,45.102589,6722533,22.334999,22.389999,22.030001,22.049999,21.590836,3572787
2017-12-04,5363.290039,5400.100098,5350.589844,5389.290039,5389.290039,81907500,1.238,1.25,1.238,1.245,1.245,0,47.599998,47.82,47.259998,47.82,45.50703,5762259,22.24,22.365,21.975,22.094999,21.634899,3107993
2017-12-05,5382.22998,5392.47998,5349.790039,5375.529785,5375.529785,77844600,1.263,1.283,1.26,1.283,1.283,0,47.779999,48.014999,47.435001,47.435001,45.140652,4737308,22.055,22.174999,21.940001,22.094999,21.634899,2588131
2017-12-06,5333.319824,5385.529785,5316.549805,5374.350098,5374.350098,78019500,1.285,1.29,1.263,1.263,1.263,0,47.290001,47.59,47.095001,47.365002,45.074043,5213358,22.014999,22.110001,21.795,22.059999,21.600628,2413364
2017-12-07,5374.569824,5396.310059,5365.75,5383.859863,5383.859863,81173900,1.26,1.27,1.25,1.26,1.26,0,47.25,47.790001,47.25,47.459999,45.164444,4280283,22.07,22.344999,21.98,22.0,21.541878,2727538
2017-12-08,5411.910156,5425.75,5393.560059,5399.089844,5399.089844,90629200,1.263,1.263,1.253,1.253,1.253,0,47.555,47.575001,46.875,47.025002,44.750484,7007107,22.135,22.285,22.110001,22.195,21.732817,2495579
2017-12-11,5411.709961,5411.709961,5382.5,5386.830078,5386.830078,68771400,1.25,1.265,1.25,1.263,1.263,0,47.049999,47.16,46.865002,47.09,44.81234,5691756,22.25,23.059999,22.219999,22.799999,22.325218,4668221
2017-12-12,5394.930176,5427.189941,5359.759766,5427.189941,5427.189941,80840200,1.313,1.313,1.31,1.31,1.31,0,47.25,47.900002,47.209999,47.775002,45.464211,7039100,22.855,22.959999,22.620001,22.9,22.423136,3496912
2017-12-13,5415.319824,5429.029785,5393.97998,5399.450195,5399.450195,87609600,1.31,1.315,1.27,1.273,1.273,0,47.84,47.865002,47.325001,47.369999,45.078793,7466629,22.705,22.955,22.639999,22.700001,22.227303,5235443
2017-12-14,5392.0,5400.279785,5357.140137,5357.140137,5357.140137,78206300,1.278,1.293,1.278,1.283,1.283,0,47.509998,47.57,47.064999,47.205002,44.921776,4976500,22.584999,22.639999,22.245001,22.299999,21.83563,3091217
2017-12-15,5340.339844,5360.870117,5330.100098,5349.299805,5349.299805,157439000,1.28,1.29,1.28,1.285,1.285,0,47.169998,47.290001,46.509998,46.509998,44.260395,16742363,22.190001,22.5,22.125,22.42,21.953133,4968171
2017-12-18,5386.399902,5427.870117,5386.399902,5420.580078,5420.580078,81891400,1.29,1.32,1.29,1.315,1.315,0,46.880001,47.355,46.875,47.355,45.064522,6286173,22.615,22.825001,22.565001,22.684999,22.212614,4139852
2017-12-19,5409.649902,5420.640137,5380.149902,5382.910156,5382.910156,63736200,1.348,1.353,1.343,1.353,1.353,0,46.52,46.790001,46.119999,46.150002,44.500431,6349949,22.68,22.879999,22.549999,22.74,22.266468,2847792
2017-12-20,5377.919922,5382.370117,5338.029785,5352.77002,5352.77002,68688100,1.353,1.37,1.35,1.35,1.35,0,46.099998,46.389999,46.025002,46.220001,44.567932,4929440,22.834999,23.264999,22.605,22.705,22.232197,3649542
2017-12-21,5332.390137,5389.799805,5323.540039,5385.970215,5385.970215,70387200,1.35,1.35,1.32,1.32,1.32,0,46.139999,46.735001,46.099998,46.615002,44.948814,4680064,22.6,23.0,22.48,22.955,22.476992,3785465
2017-12-22,5371.0,5385.959961,5355.439941,5364.720215,5364.720215,46753800,1.32,1.32,1.295,1.298,1.298,0,46.580002,46.75,46.419998,46.470001,44.808994,3330287,23.0,23.27,22.665001,22.764999,22.290947,2521027
2017-12-27,5359.819824,5388.140137,5352.529785,5368.839844,5368.839844,41098800,1.433,1.435,1.408,1.408,1.408,0,46.595001,46.814999,46.525002,46.535,44.87167,3422576,22.719999,22.84,22.639999,22.75,22.27626,1701327
2017-12-28,5367.700195,5370.430176,5331.160156,5339.419922,5339.419922,42420600,1.393,1.413,1.37,1.37,1.37,0,46.555,46.610001,46.224998,46.334999,44.678818,3187546,22.76,22.785,22.549999,22.6,22.129385,1502678
2017-12-29,5336.149902,5344.049805,5312.560059,5312.560059,5312.560059,46218500,1.365,1.38,1.35,1.355,1.355,0,46.400002,46.605,46.044998,46.044998,44.399185,4179386,22.530001,22.594999,22.42,22.42,21.953133,2144927
2018-01-02,5318.740234,5318.740234,5258.660156,5288.600098,5288.600098,66802600,1.388,1.4,1.375,1.378,1.378,0,46.404999,46.404999,45.845001,46.060001,44.413651,4997867,22.299999,22.51,22.24,22.51,22.041258,3375024
2018-01-03,5295.310059,5347.629883,5291.890137,5331.279785,5331.279785,75371700,1.388,1.39,1.368,1.37,1.37,0,46.105,46.610001,46.105,46.560001,44.895782,6782657,22.52,23.049999,22.469999,23.0,22.521055,4585272
2018-01-04,5360.009766,5430.720215,5360.009766,5413.689941,5413.689941,92583500,1.37,1.375,1.37,1.37,1.37,0,46.799999,47.575001,46.799999,47.48,45.782894,8356524,23.120001,23.34,22.950001,23.219999,22.736473,4282574
2018-01-05,5424.160156,5470.75,5422.779785,5470.75,5470.75,76275800,1.37,1.37,1.37,1.37,1.37,0,47.459999,48.169998,47.459999,47.825001,46.115562,5799220,23.23,23.59,23.17,23.549999,23.059601,3985639
2018-01-08,5483.470215,5499.149902,5478.919922,5487.419922,5487.419922,72318000,1.37,1.38,1.37,1.38,1.38,0,48.0,48.279999,47.845001,48.035,46.318054,3827349,23.52,23.92,23.440001,23.82,23.323978,3817102
2018-01-09,5491.910156,5525.669922,5491.910156,5523.939941,5523.939941,78844900,1.418,1.42,1.413,1.415,1.415,0,48.09,48.5,48.044998,48.299999,46.573582,5049979,23.780001,24.870001,23.77,24.799999,24.283571,7988822
2018-01-10,5518.319824,5529.299805,5487.560059,5504.680176,5504.680176,96478300,1.42,1.423,1.395,1.395,1.395,0,48.314999,48.41,47.900002,48.150002,46.428947,4889380,24.790001,24.870001,24.559999,24.84,24.322739,6029121
2018-01-11,5514.089844,5516.589844,5478.970215,5488.549805,5488.549805,83544400,1.39,1.405,1.39,1.403,1.403,0,48.240002,48.34,47.919998,48.145,46.424122,4662759,24.68,24.700001,24.120001,24.290001,23.784193,4237628
2018-01-12,5502.629883,5520.180176,5486.089844,5517.060059,5517.060059,80659900,1.398,1.415,1.395,1.41,1.41,0,48.145,48.75,47.915001,48.610001,46.872505,6398070,23.25,24.219999,23.0,23.379999,22.893141,9438997
2018-01-16,5513.700195,5535.950195,5500.220215,5513.819824,5513.819824,69422000,1.415,1.425,1.395,1.395,1.395,0,48.595001,48.650002,48.064999,48.139999,46.4193,5552216,24.02,24.07,23.77,23.799999,23.304396,3098971
2018-01-17,5496.259766,5518.390137,5485.02002,5493.990234,5493.990234,72741600,1.413,1.415,1.408,1.415,1.415,0,47.970001,48.125,47.650002,47.880001,46.168594,4612458,23.790001,23.790001,23.52,23.549999,23.059601,3030706
2018-01-18,5511.299805,5515.160156,5474.109863,5494.830078,5494.830078,82084500,1.41,1.418,1.405,1.405,1.405,0,47.990002,48.134998,47.389999,47.584999,45.88414,5702316,23.639999,23.74,23.200001,23.26,22.77564,3633740
2018-01-19,5493.990234,5528.890137,5490.319824,5526.509766,5526.509766,78466200,1.4,1.403,1.398,1.403,1.403,0,47.419998,47.66,47.110001,47.290001,45.599682,7686936,23.26,23.67,23.26,23.639999,23.147726,3434887
2018-01-22,5520.209961,5543.060059,5512.27002,5541.990234,5541.990234,77421200,1.4,1.4,1.39,1.39,1.39,0,47.490002,47.935001,47.424999,47.904999,46.192703,4604302,23.639999,23.959999,23.610001,23.950001,23.451273,2299738
2018-01-23,5563.560059,5567.029785,5521.830078,5535.259766,5535.259766,85807600,1.418,1.418,1.41,1.413,1.413,0,48.0,48.134998,47.450001,47.450001,45.753963,4769882,24.040001,24.09,23.540001,23.719999,23.226061,2905342
2018-01-24,5532.850098,5538.580078,5495.160156,5495.160156,5495.160156,85219400,1.413,1.415,1.403,1.41,1.41,0,47.380001,47.790001,47.305,47.549999,45.850388,4362733,23.709999,23.84,23.440001,23.59,23.098768,2690169
2018-01-25,5493.810059,5525.759766,5456.049805,5481.209961,5481.209961,84803300,1.398,1.4,1.39,1.393,1.393,0,47.599998,47.924999,47.290001,47.540001,45.840748,4618268,23.540001,23.559999,23.030001,23.219999,22.736473,4204683
2018-01-26,5496.830078,5539.77002,5493.660156,5529.149902,5529.149902,65388300,1.388,1.388,1.38,1.388,1.388,0,47.599998,47.794998,47.43,47.52,45.821461,3505520,23.4,23.57,23.190001,23.25,22.765848,3169834
2018-01-29,5534.140137,5537.529785,5517.669922,5521.589844,5521.589844,60112400,1.395,1.395,1.375,1.375,1.375,0,47.509998,47.66,47.125,47.294998,45.604504,4330813,23.200001,23.469999,23.190001,23.280001,22.795225,2459911
2018-01-30,5493.930176,5518.939941,5464.850098,5473.779785,5473.779785,80083100,1.413,1.428,1.413,1.425,1.425,0,46.935001,47.07,46.439999,46.5,44.837921,6610587,23.17,23.440001,23.17,23.389999,22.902933,3001887
2018-01-31,5483.509766,5496.779785,5471.180176,5481.930176,5481.930176,83562500,1.428,1.443,1.42,1.43,1.43,0,46.625,46.764999,46.404999,46.634998,44.968094,6117529,23.49,23.67,23.379999,23.629999,23.137936,3263653
2018-02-01,5510.589844,5529.399902,5432.589844,5454.549805,5454.549805,87026200,1.425,1.455,1.42,1.453,1.453,0,47.279999,47.455002,46.775002,47.060001,45.377907,8244692,23.49,23.559999,23.15,23.42,22.932308,3387045
2018-02-02,5433.839844,5437.259766,5364.97998,5364.97998,5364.97998,99312300,1.445,1.455,1.445,1.45,1.45,0,47.240002,47.384998,46.07,46.134998,44.485962,6826348,23.309999,23.469999,22.66,22.66,22.188135,3506126
2018-02-05,5322.939941,5332.77002,5283.27002,5285.830078,5285.830078,96711900,1.445,1.463,1.445,1.458,1.458,0,45.950001,45.965,45.325001,45.360001,43.73867,7534505,22.5,22.52,22.139999,22.209999,21.747505,4316448
2018-02-06,5104.279785,5226.129883,5101.149902,5161.810059,5161.810059,175358700,1.498,1.498,1.478,1.488,1.488,0,43.805,44.605,43.09,43.869999,42.301926,16069236,21.549999,22.389999,21.459999,21.940001,21.483128,6593529
2018-02-07,5208.109863,5267.879883,5169.399902,5255.899902,5255.899902,117755000,1.5,1.533,1.495,1.515,1.515,0,44.575001,45.080002,44.014999,44.759998,43.160114,9654886,22.16,22.68,21.98,22.639999,22.16855,4988161
2018-02-08,5229.779785,5248.439941,5129.52002,5151.680176,5151.680176,123977500,1.513,1.533,1.51,1.515,1.515,0,45.005001,45.875,44.705002,45.075001,43.463856,12899019,22.530001,22.57,21.709999,21.809999,21.355835,5352151
2018-02-09,5133.459961,5155.870117,5051.209961,5079.209961,5079.209961,143039900,1.513,1.525,1.513,1.525,1.525,0,45.02,45.360001,44.34,44.705002,43.107082,12684742,21.66,21.959999,21.18,21.290001,20.846664,5937590
2018-02-12,5130.399902,5165.75,5113.819824,5140.060059,5140.060059,93467100,1.535,1.558,1.533,1.535,1.535,0,45.0,45.68,44.805,45.244999,43.627777,7960852,21.48,21.780001,21.450001,21.68,21.228542,3590602
2018-02-13,5136.089844,5155.220215,5109.240234,5109.240234,5109.240234,78507900,1.563,1.58,1.553,1.57,1.57,0,45.580002,45.685001,45.150002,45.34,43.719383,6791773,21.610001,21.719999,21.42,21.459999,21.013123,2621525
2018-02-14,5137.569824,5188.140137,5081.620117,5165.259766,5165.259766,109723700,1.563,1.575,1.538,1.55,1.55,0,45.365002,45.619999,44.639999,45.330002,43.709743,7210798,21.620001,22.01,21.49,21.870001,21.414587,4566739
2018-02-15,5211.709961,5255.080078,5204.439941,5222.52002,5222.52002,97295500,1.538,1.56,1.538,1.56,1.56,0,45.720001,45.84,44.985001,45.165001,43.550636,6751372,21.799999,22.209999,21.76,22.200001,21.737715,3364097
2018-02-16,5249.419922,5291.47998,5245.799805,5281.580078,5281.580078,101183700,1.56,1.57,1.56,1.57,1.57,0,45.560001,46.119999,45.275002,45.900002,44.259369,7914797,21.4,21.73,20.26,20.860001,20.425617,14766846
2018-02-20,5257.430176,5291.810059,5249.850098,5289.859863,5289.859863,75702000,1.583,1.585,1.57,1.573,1.573,0,46.049999,46.599998,45.959999,46.599998,44.934345,7057664,20.93,21.52,20.91,21.299999,20.856455,5334206
2018-02-21,5278.47998,5303.810059,5255.77002,5302.169922,5302.169922,72945400,1.61,1.613,1.603,1.608,1.608,0,46.209999,46.82,46.189999,46.82,45.146481,5605350,21.01,21.15,20.780001,20.940001,20.503952,4768550
2018-02-22,5272.430176,5321.189941,5253.200195,5309.22998,5309.22998,87528200,1.613,1.613,1.605,1.605,1.605,0,46.419998,47.035,46.224998,46.875,45.199516,5731624,20.83,21.02,20.68,20.959999,20.523535,4946275
2018-02-23,5312.299805,5322.350098,5292.700195,5317.370117,5317.370117,68488500,1.603,1.605,1.603,1.605,1.605,0,46.990002,47.259998,46.855,47.07,45.38755,4115792,21.0,21.25,20.85,20.9,20.464785,3654398
2018-02-26,5343.569824,5357.359863,5329.509766,5344.259766,5344.259766,67882600,1.6,1.613,1.6,1.608,1.608,0,47.474998,47.584999,47.16,47.369999,45.676819,4130822,21.0,21.08,20.92,21.049999,20.61166,3273390
2018-02-27,5358.569824,5363.52002,5329.790039,5343.930176,5343.930176,76239100,1.64,1.64,1.635,1.635,1.635,0,47.365002,47.535,47.07,47.299999,45.609329,4347082,21.1,21.379999,21.030001,21.110001,20.670412,3558784
2018-02-28,5321.5,5357.060059,5312.620117,5320.490234,5320.490234,84387800,1.63,1.63,1.618,1.618,1.618,0,47.0,47.470001,46.775002,46.970001,45.291122,8231213,21.01,21.389999,20.84,21.25,20.807495,3830845
2018-03-01,5304.810059,5315.77002,5242.870117,5262.560059,5262.560059,112757700,1.61,1.618,1.59,1.59,1.59,0,46.630001,46.830002,46.115002,46.41,44.751141,6735051,21.209999,21.280001,20.700001,20.709999,20.27874,4582747
2018-03-02,5223.140137,5226.109863,5121.240234,5136.580078,5136.580078,117629800,1.588,1.605,1.588,1.605,1.605,0,46.150002,46.275002,45.259998,45.5,43.873665,7026769,20.57,20.67,20.309999,20.35,19.926237,5428773
2018-03-05,5116.390137,5176.52002,5115.939941,5167.22998,5167.22998,120940100,1.61,1.63,1.61,1.625,1.625,0,45.445,46.16,45.400002,45.950001,44.307583,5349417,20.309999,20.59,20.299999,20.530001,20.102489,3451445
2018-03-06,5203.109863,5216.600098,5170.140137,5170.22998,5170.22998,90489200,1.638,1.653,1.638,1.643,1.643,0,46.27,46.485001,46.044998,46.044998,44.399185,4539655,20.610001,20.879999,20.57,20.57,20.141655,4015015
2018-03-07,5151.689941,5203.060059,5134.509766,5187.830078,5187.830078,93450600,1.643,1.65,1.64,1.65,1.65,0,45.810001,46.299999,45.785,46.110001,44.461861,4986824,20.51,20.93,20.450001,20.75,20.317907,3730871
2018-03-08,5189.140137,5264.359863,5186.279785,5254.100098,5254.100098,92799400,1.645,1.645,1.635,1.635,1.635,0,46.005001,46.525002,45.919998,46.424999,44.765602,4676586,20.700001,21.01,20.52,20.99,20.55291,2503469
2018-03-09,5243.089844,5293.080078,5241.509766,5274.399902,5274.399902,75500400,1.63,1.64,1.63,1.635,1.635,0,46.279999,46.665001,46.255001,46.459999,44.799351,4258818,20.99,21.4,20.870001,21.27,20.82708,3061428
2018-03-12,5298.220215,5302.419922,5258.109863,5276.709961,5276.709961,64074300,1.635,1.645,1.635,1.643,1.643,0,46.689999,46.814999,46.400002,46.59,44.924706,4088976,21.5,21.74,21.370001,21.74,21.287292,3881812
2018-03-13,5284.839844,5311.660156,5225.27002,5242.790039,5242.790039,87014000,1.665,1.69,1.665,1.69,1.69,0,46.900002,47.490002,46.705002,46.880001,45.204342,7839152,21.74,21.77,21.379999,21.48,21.032705,4253077
2018-03-14,5237.75,5272.720215,5224.310059,5233.359863,5233.359863,73618000,1.71,1.718,1.7,1.718,1.718,0,46.880001,47.365002,46.794998,47.029999,45.348976,6888809,21.459999,21.5,21.049999,21.209999,20.768328,4239851
2018-03-15,5252.220215,5274.939941,5235.939941,5267.259766,5267.259766,82441300,1.723,1.735,1.723,1.733,1.733,0,47.07,47.25,46.900002,46.900002,45.223629,6640475,21.280001,21.860001,21.129999,21.780001,21.32646,4694222
2018-03-16,5259.359863,5299.22998,5258.509766,5282.75,5282.75,150258600,1.728,1.74,1.728,1.738,1.738,0,46.865002,47.779999,46.84,47.779999,46.072166,19712754,21.700001,21.870001,21.450001,21.719999,21.267708,7928727
2018-03-19,5263.390137,5265.439941,5210.069824,5222.839844,5222.839844,76919000,1.758,1.76,1.728,1.728,1.728,0,46.845001,46.93,46.134998,46.195,45.129433,7092469,21.67,21.73,21.379999,21.450001,21.003332,2497142
2018-03-20,5232.120117,5255.100098,5208.509766,5252.430176,5252.430176,66443200,1.76,1.76,1.758,1.758,1.758,0,46.345001,46.389999,45.755001,46.235001,45.168507,5726286,21.5,21.58,21.309999,21.4,20.954372,2178637
2018-03-21,5252.779785,5257.240234,5220.259766,5239.740234,5239.740234,69220400,1.755,1.76,1.695,1.71,1.71,0,46.299999,46.625,46.035,46.555,45.481129,5923941,21.799999,22.07,21.34,21.549999,21.101248,3660027
2018-03-22,5205.169922,5231.169922,5119.290039,5167.209961,5167.209961,104323700,1.683,1.693,1.67,1.683,1.683,0,46.314999,46.634998,45.805,46.255001,45.188046,7645861,21.41,21.469999,20.83,21.139999,20.699785,4948754
2018-03-23,5115.819824,5128.709961,5059.669922,5095.220215,5095.220215,102365000,1.688,1.695,1.685,1.688,1.688,0,45.814999,46.195,45.580002,45.805,44.748425,7267624,20.879999,21.27,20.82,21.049999,20.61166,4510172
2018-03-26,5106.339844,5126.990234,5043.27002,5066.279785,5066.279785,83600900,1.705,1.713,1.698,1.705,1.705,0,45.945,46.195,45.625,45.900002,44.841236,6195818,21.1,21.18,20.83,21.0,20.562702,5259871
2018-03-27,5141.399902,5149.049805,5100.209961,5115.740234,5115.740234,84280000,1.753,1.755,1.733,1.733,1.733,0,46.400002,46.5,45.830002,46.09,45.026852,7235270,21.200001,21.27,20.85,21.0,20.562702,7414949
2018-03-28,5073.419922,5130.439941,5038.120117,5130.439941,5130.439941,102195900,1.71,1.72,1.693,1.695,1.695,0,45.830002,45.959999,45.595001,45.834999,44.777733,8654871,21.0,21.08,20.799999,20.92,20.484367,10437906
2018-03-29,5152.029785,5194.97998,5134.75,5167.299805,5167.299805,92382200,1.695,1.705,1.67,1.67,1.67,0,45.82,46.450001,45.685001,46.130001,45.065933,5098808,21.0,21.08,20.9,21.0,20.562702,3984439
2018-04-03,5144.629883,5171.620117,5118.689941,5152.120117,5152.120117,81857300,1.738,1.74,1.713,1.713,1.713,0,46.27,47.035,46.235001,46.705002,45.62767,7557631,20.85,21.02,20.799999,20.9,20.464785,7010810
2018-04-04,5155.470215,5163.629883,5094.689941,5141.799805,5141.799805,91113200,1.705,1.705,1.668,1.668,1.668,0,47.009998,47.279999,46.669998,47.279999,46.189404,7706321,20.940001,21.110001,20.799999,20.799999,20.366865,8859944
2018-04-05,5216.680176,5280.609863,5213.629883,5276.669922,5276.669922,94689000,1.66,1.678,1.66,1.675,1.675,0,47.990002,48.59,47.575001,48.560001,47.43988,8867065,21.059999,21.559999,20.860001,21.540001,21.091457,4919168
2018-04-06,5256.25,5282.720215,5243.02002,5258.240234,5258.240234,68854400,1.675,1.68,1.675,1.68,1.68,0,48.450001,48.849998,48.25,48.474998,47.356834,5952589,21.5,21.59,21.309999,21.379999,20.934788,3595843
2018-04-09,5271.0,5289.720215,5247.569824,5263.390137,5263.390137,60670000,1.68,1.68,1.675,1.675,1.675,0,48.465,48.560001,48.154999,48.32,47.205414,4994629,21.459999,21.51,21.23,21.379999,20.934788,2423858
2018-04-10,5299.580078,5312.879883,5281.580078,5307.560059,5307.560059,78090500,1.71,1.715,1.693,1.695,1.695,0,48.494999,48.849998,48.220001,48.810001,47.684113,6047662,21.25,21.77,21.25,21.440001,20.99354,4673949
2018-04-11,5301.439941,5303.319824,5264.27002,5277.939941,5277.939941,68231500,1.693,1.695,1.688,1.693,1.693,0,48.5,49.099998,48.32,48.860001,47.73296,5722807,21.49,21.700001,21.129999,21.15,20.709578,3722057
2018-04-12,5280.660156,5309.970215,5266.359863,5309.220215,5309.220215,82203700,1.69,1.705,1.69,1.705,1.705,0,48.830002,49.119999,48.695,48.895,47.767151,5896449,21.139999,21.370001,21.07,21.370001,20.924997,2901510
2018-04-13,5318.129883,5339.049805,5303.379883,5315.02002,5315.02002,68375700,1.71,1.718,1.71,1.718,1.718,0,48.799999,48.880001,48.384998,48.599998,47.478954,5553793,21.17,21.309999,21.0,21.200001,20.758537,6408363
2018-04-16,5322.410156,5322.410156,5298.939941,5312.959961,5312.959961,60319200,1.718,1.733,1.713,1.713,1.713,0,48.494999,48.77,48.299999,48.645,47.522919,3588017,21.209999,21.290001,21.09,21.200001,20.758537,4861886
2018-04-17,5325.629883,5370.22998,5317.120117,5353.540039,5353.540039,81726700,1.74,1.755,1.74,1.755,1.755,0,48.700001,49.134998,48.700001,48.915001,47.78669,4886957,21.1,21.139999,20.9,20.9,20.464785,12873870
2018-04-18,5360.450195,5381.740234,5359.629883,5380.169922,5380.169922,82529900,1.75,1.783,1.75,1.77,1.77,0,48.860001,49.75,48.860001,49.700001,48.553585,7873858,20.860001,20.99,20.85,20.9,20.464785,9425244
2018-04-19,5389.819824,5397.839844,5377.109863,5391.640137,5391.640137,74094100,1.768,1.79,1.768,1.783,1.783,0,49.744999,50.400002,49.724998,50.299999,49.13974,5966295,20.9,21.76,20.9,21.610001,21.16,9273032
2018-04-20,5395.129883,5425.790039,5381.109863,5412.830078,5412.830078,87342700,1.77,1.783,1.765,1.765,1.765,0,50.299999,50.830002,49.855,50.639999,49.471897,8539792,21.23,21.389999,21.02,21.09,21.09,5499627
2018-04-23,5404.720215,5440.839844,5392.580078,5438.549805,5438.549805,65848500,1.77,1.783,1.77,1.783,1.783,0,50.66,51.16,50.509998,51.16,49.979904,5072373,21.09,21.129999,21.0,21.0,21.0,3196365
2018-04-24,5428.180176,5446.700195,5414.399902,5444.160156,5444.160156,90205000,1.833,1.835,1.823,1.823,1.823,0,51.139999,51.84,51.07,51.84,50.644218,6734317,21.030001,21.1,20.709999,20.860001,20.860001,17075500
2018-04-25,5414.149902,5442.319824,5388.669922,5413.299805,5413.299805,78056400,1.815,1.818,1.813,1.815,1.815,0,51.389999,51.57,50.82,51.150002,49.970135,6535854,20.799999,21.190001,20.799999,21.18,21.18,3968625
2018-04-26,5416.75,5460.009766,5407.580078,5453.580078,5453.580078,83179000,1.785,1.8,1.785,1.785,1.785,0,51.150002,52.099998,51.0,51.91,50.712605,6192656,21.15,21.51,21.030001,21.5,21.5,3858488
2018-04-27,5454.25,5483.189941,5453.970215,5483.189941,5483.189941,71130200,1.78,1.785,1.768,1.77,1.77,0,52.0,52.099998,51.66,52.099998,50.89822,3738929,21.5,21.549999,21.16,21.34,21.34,2628890
2018-04-30,5477.439941,5521.439941,5474.47998,5520.5,5520.5,73369100,1.773,1.788,1.763,1.763,1.763,0,51.779999,52.330002,51.689999,52.330002,51.122917,5712854,21.290001,21.889999,21.290001,21.889999,21.889999,4193209
2018-05-02,5511.459961,5538.72998,5509.080078,5529.220215,5529.220215,93979100,1.815,1.82,1.785,1.785,1.785,0,51.98,52.310001,51.650002,51.650002,50.458603,7030296,22.15,22.84,22.15,22.74,22.74,8200980
2018-05-03,5515.359863,5523.779785,5489.629883,5501.660156,5501.660156,79259400,1.79,1.79,1.78,1.788,1.788,0,51.580002,51.849998,51.549999,51.779999,50.585602,4972015,22.76,23.040001,22.58,22.889999,22.889999,4459766
2018-05-04,5495.709961,5516.049805,5485.990234,5516.049805,5516.049805,85333000,1.785,1.798,1.785,1.793,1.793,0,51.82,52.27,51.779999,52.27,51.064301,5163665,22.889999,23.290001,22.879999,23.120001,23.120001,3843133
2018-05-07,5511.939941,5532.120117,5503.700195,5531.419922,5531.419922,45591900,1.79,1.8,1.79,1.793,1.793,0,51.84,52.73,51.810001,52.709999,51.494152,4198502,22.889999,23.18,22.799999,23.16,23.16,1863060
2018-05-08,5523.910156,5529.149902,5496.390137,5521.930176,5521.930176,70214400,1.84,1.845,1.835,1.835,1.835,0,52.189999,52.41,51.689999,51.810001,50.61491,7169504,23.059999,23.139999,22.969999,23.129999,23.129999,2540129
2018-05-09,5520.649902,5535.240234,5511.580078,5534.629883,5534.629883,72894200,1.835,1.845,1.835,1.845,1.845,0,52.060001,52.779999,52.02,52.779999,51.562534,5916840,23.040001,23.139999,22.82,22.9,22.9,2917173
2018-05-10,5532.370117,5547.200195,5522.910156,5545.950195,5545.950195,48972800,1.84,1.85,1.84,1.845,1.845,0,52.849998,52.900002,52.279999,52.709999,51.494152,3775827,22.809999,23.120001,22.799999,23.1,23.1,1380326
2018-05-11,5533.410156,5544.740234,5521.339844,5541.939941,5541.939941,61288900,1.85,1.86,1.85,1.86,1.86,0,52.740002,53.330002,52.580002,53.330002,52.09985,4121949,23.1,23.48,23.1,23.24,23.24,2384107
2018-05-14,5539.049805,5542.209961,5524.439941,5540.680176,5540.680176,59725700,1.863,1.868,1.855,1.855,1.855,0,53.220001,53.779999,53.080002,53.700001,52.461315,4211624,23.25,23.549999,23.1,23.43,23.43,3320340
2018-05-15,5529.390137,5563.359863,5527.640137,5553.160156,5553.160156,88419600,1.875,1.875,1.87,1.875,1.875,0,53.610001,54.139999,53.580002,53.900002,52.6567,5613306,23.200001,23.450001,23.129999,23.16,23.16,3074253
2018-05-16,5546.390137,5570.959961,5540.669922,5567.540039,5567.540039,76258900,1.87,1.883,1.865,1.865,1.865,0,53.580002,53.900002,53.459999,53.540001,52.305004,4804039,23.049999,23.32,23.040001,23.309999,23.309999,2736646
2018-05-17,5570.390137,5621.919922,5570.040039,5621.919922,5621.919922,80318200,1.863,1.875,1.863,1.863,1.863,0,53.48,54.599998,53.470001,54.5,53.242863,5938975,23.030001,23.4,23.01,23.200001,23.200001,3425923
2018-05-18,5610.140137,5643.149902,5603.350098,5614.509766,5614.509766,115184600,1.863,1.863,1.853,1.855,1.855,0,54.18,54.950001,54.169998,54.48,53.22332,10371317,22.620001,23.450001,22.43,22.82,22.82,8284045
2018-05-21,5626.700195,5657.439941,5626.180176,5637.509766,5637.509766,49392900,1.858,1.868,1.858,1.863,1.863,0,54.59,54.860001,54.43,54.5,53.242863,3037025,22.719999,23.110001,22.719999,22.85,22.85,2522158
2018-05-22,5637.939941,5653.089844,5628.930176,5640.100098,5640.100098,82627400,1.89,1.893,1.89,1.893,1.893,0,54.369999,54.689999,53.75,54.119999,52.871624,6018371,22.75,23.27,22.75,23.110001,23.110001,2944347
2018-05-23,5626.02002,5626.02002,5544.410156,5565.850098,5565.850098,100736000,1.888,1.89,1.873,1.873,1.873,0,53.5,53.75,52.130001,52.439999,51.230377,8905934,22.969999,23.030001,22.690001,22.860001,22.860001,4012901
2018-05-24,5576.649902,5598.649902,5523.220215,5548.450195,5548.450195,85231200,1.86,1.865,1.858,1.86,1.86,0,52.450001,52.84,51.720001,51.810001,50.61491,5891801,22.76,22.93,22.51,22.51,22.51,3964334
2018-05-25,5570.72998,5592.160156,5519.779785,5542.549805,5542.549805,87810500,1.855,1.858,1.84,1.853,1.853,0,51.82,52.16,50.889999,51.060001,49.882214,7037082,22.67,23.0,22.639999,22.690001,22.690001,3557077
2018-05-29,5466.47998,5480.180176,5389.609863,5438.060059,5438.060059,141981600,1.85,1.858,1.84,1.84,1.84,0,50.459999,51.48,49.490002,51.009998,49.833363,9380928,22.299999,22.51,22.040001,22.24,22.24,3347096
2018-05-30,5420.149902,5434.240234,5386.149902,5427.350098,5427.350098,116950900,1.893,1.893,1.875,1.878,1.878,0,51.130001,52.0,51.110001,51.900002,50.702835,7334673,21.450001,21.6,20.98,21.43,21.43,7806817
2018-05-31,5440.950195,5453.009766,5381.379883,5398.399902,5398.399902,144487200,1.88,1.88,1.87,1.87,1.87,0,51.98,52.380001,51.599998,52.049999,50.849373,8710760,21.5,21.799999,21.42,21.52,21.52,5364800
2018-06-01,5440.419922,5482.560059,5438.310059,5465.529785,5465.529785,99399200,1.868,1.878,1.865,1.868,1.868,0,52.259998,52.900002,52.259998,52.73,51.513687,6205310,21.620001,21.84,21.57,21.719999,21.719999,3178336
2018-06-04,5497.740234,5501.47998,5468.919922,5472.910156,5472.910156,79269000,1.865,1.88,1.86,1.865,1.865,0,52.990002,53.16,52.57,52.639999,51.425766,4237939,21.77,21.959999,21.6,21.870001,21.870001,2094407
2018-06-05,5464.879883,5512.819824,5460.950195,5460.950195,5460.950195,84084300,1.905,1.91,1.9,1.903,1.903,0,52.560001,53.189999,52.240002,52.299999,51.093609,5787285,21.91,22.09,21.709999,21.709999,21.709999,2229176
2018-06-06,5470.580078,5480.310059,5419.939941,5457.560059,5457.560059,88256900,1.913,1.915,1.9,1.9,1.9,0,52.709999,52.939999,52.110001,52.720001,51.503922,7100395,21.85,21.9,21.6,21.75,21.75,3082126
2018-06-07,5482.609863,5500.319824,5440.660156,5448.359863,5448.359863,80269600,1.9,1.9,1.883,1.885,1.885,0,52.82,53.599998,52.75,53.380001,52.148697,6403747,21.93,21.93,21.58,21.58,21.58,2225353
2018-06-08,5419.709961,5458.850098,5405.359863,5450.220215,5450.220215,79611800,1.885,1.885,1.88,1.88,1.88,0,53.209999,53.599998,52.959999,53.099998,51.875153,5326734,21.59,21.6,21.360001,21.48,21.48,2260430
2018-06-11,5459.810059,5480.419922,5451.129883,5473.910156,5473.910156,87500400,1.878,1.878,1.86,1.868,1.868,0,52.490002,52.82,52.380001,52.779999,52.171696,6979312,21.58,21.73,21.549999,21.66,21.66,2221345
2018-06-12,5494.830078,5496.470215,5448.700195,5453.370117,5453.370117,78558400,1.905,1.905,1.888,1.888,1.888,0,52.91,52.98,52.169998,52.32,51.716999,6804677,21.690001,21.780001,21.4,21.549999,21.549999,2379983
2018-06-13,5457.310059,5474.009766,5447.899902,5452.72998,5452.72998,82724700,1.885,1.898,1.883,1.895,1.895,0,51.970001,52.32,51.799999,52.07,51.469879,6370788,21.629999,21.84,21.59,21.719999,21.719999,2188816
2018-06-14,5420.390137,5543.290039,5408.299805,5528.459961,5528.459961,99909400,1.883,1.883,1.873,1.883,1.883,0,51.799999,53.040001,51.75,52.860001,52.250774,7649649,21.58,21.959999,21.459999,21.9,21.9,3535133
2018-06-15,5542.819824,5560.620117,5501.879883,5501.879883,5501.879883,189560900,1.88,1.888,1.88,1.888,1.888,0,52.860001,52.970001,52.23,52.349998,51.746651,24908700,22.0,22.059999,21.709999,21.709999,21.709999,13481761
2018-06-18,5487.700195,5491.839844,5418.47998,5450.47998,5450.47998,84643700,1.885,1.893,1.883,1.883,1.883,0,52.099998,52.490002,51.91,52.23,51.628033,7236594,21.709999,21.799999,21.48,21.57,21.57,2696148
2018-06-19,5387.810059,5398.040039,5366.049805,5390.629883,5390.629883,87760800,1.89,1.898,1.89,1.898,1.898,0,51.810001,51.990002,51.5,51.790001,51.193108,7451526,21.34,21.389999,21.200001,21.200001,21.200001,4432785
2018-06-20,5418.200195,5418.200195,5372.040039,5372.310059,5372.310059,83444100,1.888,1.89,1.88,1.888,1.888,0,51.98,52.040001,51.130001,51.25,50.659328,7378900,21.35,21.58,21.33,21.459999,21.459999,3073906
2018-06-21,5386.879883,5396.470215,5302.089844,5316.009766,5316.009766,92471200,1.888,1.89,1.885,1.89,1.89,0,51.389999,51.450001,50.610001,50.799999,50.214516,5574620,21.559999,21.66,21.17,21.25,21.25,3542451
2018-06-22,5330.049805,5389.319824,5327.029785,5387.379883,5387.379883,74045400,1.888,1.888,1.868,1.87,1.87,0,50.919998,52.73,50.630001,52.48,51.875153,7615289,21.290001,21.639999,21.290001,21.549999,21.549999,2498485
2018-06-25,5350.959961,5362.330078,5283.859863,5283.859863,5283.859863,61986900,1.865,1.87,1.853,1.853,1.853,0,51.900002,52.540001,51.52,51.669998,51.074486,5006276,21.41,21.51,21.200001,21.200001,21.200001,2404621
2018-06-26,5308.879883,5315.560059,5281.290039,5281.290039,5281.290039,66678000,1.893,1.898,1.89,1.893,1.893,0,51.799999,51.869999,51.330002,51.48,50.886677,4654038,21.280001,21.280001,21.1,21.1,21.1,3031640
2018-06-27,5284.459961,5371.580078,5246.410156,5327.200195,5327.200195,91539300,1.883,1.89,1.88,1.88,1.88,0,51.799999,53.130001,51.599998,52.490002,51.88504,6691677,21.1,21.620001,21.0,21.5,21.5,3494348
2018-06-28,5308.439941,5341.089844,5250.220215,5275.640137,5275.640137,91384400,1.878,1.893,1.878,1.88,1.88,0,52.459999,52.950001,51.970001,52.169998,51.568726,6136939,21.190001,21.530001,21.059999,21.120001,21.120001,4134838
2018-06-29,5335.240234,5357.950195,5318.470215,5323.529785,5323.529785,96281300,1.878,1.885,1.875,1.88,1.88,0,52.5,52.82,52.209999,52.209999,51.608265,6088517,21.110001,21.32,21.0,21.0,21.0,5739642
2018-07-02,5264.399902,5293.399902,5242.640137,5276.759766,5276.759766,84519600,1.875,1.895,1.875,1.895,1.895,0,51.689999,52.540001,51.349998,52.209999,51.608265,6197475,20.799999,20.879999,20.6,20.620001,20.620001,4749833
2018-07-03,5302.359863,5336.200195,5284.129883,5316.77002,5316.77002,79762300,1.935,1.935,1.933,1.933,1.933,0,52.68,53.209999,52.169998,52.73,52.122272,5185423,20.690001,20.870001,20.52,20.52,20.52,3322727
2018-07-05,5326.02002,5391.569824,5324.52002,5366.319824,5366.319824,95493300,1.915,1.915,1.91,1.91,1.91,0,52.830002,54.25,52.799999,53.720001,53.100864,6974664,20.67,20.780001,20.540001,20.76,20.76,2978261
2018-07-06,5387.180176,5393.459961,5345.459961,5375.77002,5375.77002,72631100,1.905,1.908,1.905,1.905,1.905,0,53.759998,53.849998,52.91,53.310001,52.695587,4772138,20.860001,20.98,20.77,20.860001,20.860001,3405499
2018-07-09,5403.040039,5418.950195,5384.600098,5398.109863,5398.109863,68001100,1.91,1.92,1.91,1.915,1.915,0,53.709999,54.18,53.529999,54.0,53.377636,4422101,20.959999,21.18,20.83,20.83,20.83,3303011
2018-07-10,5410.189941,5437.049805,5404.899902,5434.359863,5434.359863,73970700,1.938,1.94,1.935,1.935,1.935,0,54.16,54.869999,54.150002,54.619999,53.99049,5234184,20.82,20.870001,20.68,20.799999,20.799999,2712090
2018-07-11,5393.410156,5396.700195,5353.930176,5353.930176,5353.930176,87179200,1.928,1.933,1.918,1.92,1.92,0,54.290001,54.369999,53.16,53.16,52.547318,6073456,20.709999,20.75,20.41,20.41,20.41,4434172
2018-07-12,5369.189941,5406.47998,5349.47998,5405.899902,5405.899902,77442500,1.92,1.928,1.905,1.928,1.928,0,52.849998,53.27,52.669998,53.27,52.656048,5179889,20.52,21.620001,20.51,21.52,21.52,6292759
2018-07-13,5428.040039,5439.560059,5418.169922,5429.200195,5429.200195,66789800,1.92,1.928,1.92,1.928,1.928,0,53.580002,53.580002,53.080002,53.330002,52.715359,3841378,21.65,21.77,21.360001,21.469999,21.469999,2585420
2018-07-16,5429.430176,5439.660156,5404.52002,5409.430176,5409.430176,56645300,1.935,1.945,1.935,1.938,1.938,0,53.299999,53.389999,52.549999,52.790001,52.181583,3641931,21.49,21.629999,21.26,21.389999,21.389999,2408750
2018-07-17,5405.609863,5426.779785,5383.0,5422.540039,5422.540039,63232400,1.968,1.978,1.968,1.975,1.975,0,52.779999,52.84,52.310001,52.75,52.14204,3297635,21.309999,21.370001,21.02,21.23,21.23,2537574
2018-07-18,5441.540039,5459.720215,5438.310059,5447.439941,5447.439941,72157000,1.97,1.97,1.958,1.96,1.96,0,52.889999,53.18,52.349998,52.900002,52.290314,3744964,21.27,21.57,21.209999,21.51,21.51,3133003
2018-07-19,5437.709961,5444.189941,5409.77002,5417.069824,5417.069824,73346300,1.95,1.953,1.943,1.948,1.948,0,53.080002,53.299999,52.720001,52.880001,52.270546,4595461,21.440001,21.469999,21.18,21.209999,21.209999,2583383
2018-07-20,5409.669922,5424.370117,5342.299805,5398.319824,5398.319824,93503600,1.945,1.945,1.933,1.933,1.933,0,52.599998,52.84,51.919998,52.599998,51.993771,7318636,21.200001,21.200001,20.799999,20.940001,20.940001,4186382
2018-07-23,5382.859863,5385.830078,5358.819824,5378.25,5378.25,58933900,1.925,1.93,1.92,1.92,1.92,0,52.450001,52.779999,52.119999,52.599998,51.993771,2993307,20.93,21.08,20.790001,21.030001,21.030001,2046414
2018-07-24,5399.189941,5453.049805,5389.77002,5434.189941,5434.189941,96565100,1.96,1.963,1.96,1.96,1.96,0,52.400002,53.080002,52.16,52.869999,52.260658,3746105,21.16,21.24,21.01,21.01,21.01,2595540
2018-07-25,5445.240234,5452.25,5413.660156,5426.410156,5426.410156,81395300,1.965,1.965,1.953,1.953,1.953,0,52.790001,53.07,52.450001,52.799999,52.191463,3893685,21.0,21.0,20.49,20.52,20.52,3581808
2018-07-26,5463.290039,5480.549805,5435.27002,5480.549805,5480.549805,98897800,1.948,1.95,1.945,1.945,1.945,0,53.200001,54.0,52.849998,54.0,53.377636,6871125,20.6,20.67,20.4,20.59,20.59,4485201
2018-07-27,5477.529785,5514.399902,5475.77002,5511.759766,5511.759766,104519100,1.943,1.945,1.943,1.945,1.945,0,54.23,55.0,54.110001,55.0,54.366112,6036183,20.610001,21.110001,20.6,21.049999,21.049999,3586751
2018-07-30,5490.200195,5507.47998,5482.240234,5491.220215,5491.220215,68998200,1.95,1.958,1.945,1.945,1.945,0,54.950001,55.66,54.84,55.150002,54.514381,4041960,21.059999,21.4,20.85,21.4,21.4,3333439
2018-07-31,5505.52002,5529.029785,5496.410156,5511.299805,5511.299805,97712800,1.99,1.995,1.983,1.985,1.985,0,54.610001,56.080002,54.599998,55.860001,55.216198,6459528,22.379999,22.67,22.02,22.200001,22.200001,8568706
2018-08-01,5520.330078,5531.580078,5495.790039,5498.370117,5498.370117,81015200,1.98,1.988,1.978,1.978,1.978,0,55.389999,55.700001,55.360001,55.48,54.840576,4680252,22.4,22.42,21.98,22.15,22.15,3748817
2018-08-02,5477.629883,5483.740234,5445.910156,5460.97998,5460.97998,95127100,1.973,1.973,1.955,1.965,1.965,0,55.009998,55.389999,54.68,54.950001,54.316689,5284889,22.02,22.139999,21.809999,22.040001,22.040001,5357719
2018-08-03,5475.819824,5491.779785,5459.27002,5478.97998,5478.97998,72256600,1.96,1.965,1.96,1.96,1.96,0,55.099998,55.310001,54.619999,54.779999,54.148643,4087898,22.110001,22.18,21.85,22.040001,22.040001,2840196
2018-08-06,5487.279785,5501.540039,5456.509766,5477.180176,5477.180176,61262700,1.97,1.973,1.965,1.968,1.968,0,54.759998,55.07,54.509998,54.950001,54.316689,2784916,22.110001,22.129999,21.83,21.950001,21.950001,2773600
2018-08-07,5490.910156,5539.410156,5490.080078,5521.310059,5521.310059,65874000,2.01,2.013,2.005,2.008,2.008,0,55.0,56.189999,55.0,55.959999,55.315044,4165539,21.959999,22.07,21.799999,21.809999,21.809999,2965644
2018-08-08,5518.490234,5530.02002,5497.100098,5501.899902,5501.899902,57616100,2.008,2.013,2.005,2.008,2.008,0,55.970001,56.27,55.450001,55.5,54.860348,3659732,21.799999,21.940001,21.75,21.780001,21.780001,3014857
2018-08-09,5487.919922,5502.419922,5468.640137,5502.25,5502.25,55242100,2.01,2.01,2.003,2.005,2.005,0,55.310001,55.439999,55.119999,55.259998,54.623112,3272824,21.82,22.040001,21.66,22.040001,22.040001,2899267
2018-08-10,5455.959961,5466.669922,5391.009766,5414.680176,5414.680176,103117500,2.0,2.0,1.995,2.0,2.0,0,54.720001,54.759998,53.779999,53.950001,53.328213,6634461,21.809999,21.93,21.700001,21.790001,21.790001,4178051
2018-08-13,5402.410156,5428.910156,5385.189941,5412.319824,5412.319824,66875100,2.0,2.005,1.995,1.995,1.995,0,54.009998,54.639999,54.009998,54.09,53.466599,3911784,21.76,21.879999,21.700001,21.75,21.75,2505453
2018-08-14,5437.430176,5447.930176,5392.390137,5403.410156,5403.410156,68465700,2.025,2.033,2.023,2.033,2.033,0,54.02,54.150002,53.549999,53.549999,52.932819,4891295,21.799999,21.83,21.6,21.6,21.6,5610381
2018-08-15,5414.75,5417.189941,5287.180176,5305.220215,5305.220215,87832500,2.035,2.038,2.02,2.02,2.02,0,53.57,53.639999,51.860001,52.07,51.469879,7661481,21.68,21.77,21.23,21.35,21.35,6233877
2018-08-16,5326.169922,5354.950195,5307.160156,5349.02002,5349.02002,64762100,2.02,2.02,2.013,2.015,2.015,0,52.200001,52.580002,52.029999,52.360001,51.756538,5189725,21.43,21.469999,21.299999,21.309999,21.309999,3337271
2018-08-17,5356.490234,5366.560059,5313.990234,5344.930176,5344.930176,64188500,2.003,2.005,1.993,1.995,1.995,0,52.52,52.59,52.009998,52.400002,51.796078,3842132,21.299999,21.42,21.26,21.4,21.4,4619436
2018-08-20,5362.370117,5397.779785,5356.319824,5379.649902,5379.649902,48284100,1.995,1.995,1.993,1.993,1.993,0,52.709999,53.209999,52.630001,52.900002,52.290314,3125213,21.469999,21.9,21.459999,21.870001,21.870001,2951592
2018-08-21,5372.02002,5427.259766,5367.379883,5408.600098,5408.600098,56477500,2.03,2.035,2.03,2.035,2.035,0,52.900002,53.549999,52.799999,53.209999,52.596741,3193620,21.719999,21.98,21.639999,21.93,21.93,2029713
2018-08-22,5401.430176,5431.52002,5401.430176,5420.609863,5420.609863,71435300,2.035,2.035,2.035,2.035,2.035,0,52.98,53.990002,52.93,53.73,53.110748,4129541,21.93,22.49,21.9,22.360001,22.360001,3014106
2018-08-23,5422.390137,5436.720215,5415.430176,5419.330078,5419.330078,52041400,2.028,2.033,2.025,2.033,2.033,0,53.279999,54.310001,53.279999,54.169998,53.545673,3874292,22.41,22.48,22.25,22.32,22.32,1831718
2018-08-24,5422.779785,5449.75,5421.209961,5432.5,5432.5,52056700,2.035,2.048,2.035,2.048,2.048,0,54.209999,54.98,54.189999,54.869999,54.237606,3979321,22.32,22.639999,22.280001,22.43,22.43,2618289
2018-08-27,5455.399902,5487.450195,5448.490234,5479.100098,5479.100098,43768100,2.05,2.06,2.05,2.06,2.06,0,54.959999,55.66,54.950001,55.419998,54.781269,3616754,22.49,22.540001,22.24,22.440001,22.440001,1847320
2018-08-28,5489.509766,5506.759766,5477.350098,5484.990234,5484.990234,62817700,2.075,2.078,2.075,2.078,2.078,0,55.380001,55.48,54.799999,54.799999,54.168415,3732955,22.49,22.610001,22.379999,22.549999,22.549999,2639990
2018-08-29,5495.950195,5504.319824,5476.27002,5501.330078,5501.330078,52978800,2.075,2.08,2.075,2.08,2.08,0,54.5,54.93,54.310001,54.849998,54.217838,3288345,22.559999,22.68,22.4,22.5,22.5,4815747
2018-08-30,5494.02002,5498.77002,5467.120117,5478.060059,5478.060059,64286100,2.073,2.073,2.055,2.058,2.058,0,54.540001,54.919998,54.369999,54.650002,54.020145,3306266,22.5,22.559999,22.290001,22.450001,22.450001,2538903
2018-08-31,5470.799805,5471.049805,5403.160156,5406.850098,5406.850098,89131200,2.055,2.06,2.055,2.055,2.055,0,54.48,54.549999,53.869999,53.869999,53.249134,6062920,22.450001,22.540001,22.299999,22.360001,22.360001,1031170
2018-09-04,5423.669922,5428.220215,5322.77002,5342.700195,5342.700195,79249300,2.058,2.078,2.058,2.068,2.068,0,54.119999,54.310001,53.580002,53.630001,53.011902,4591347,22.290001,22.42,22.129999,22.27,22.27,3367361
2018-09-05,5322.080078,5324.0,5259.97998,5260.220215,5260.220215,103548700,2.09,2.09,2.09,2.09,2.09,0,53.09,53.349998,52.529999,52.529999,51.924576,7007681,22.18,22.209999,21.610001,21.639999,21.639999,4082705
2018-09-06,5254.700195,5292.430176,5243.810059,5243.839844,5243.839844,79501100,2.08,2.083,2.078,2.08,2.08,0,52.57,52.779999,52.029999,52.029999,51.43034,5580162,21.620001,21.709999,21.5,21.549999,21.549999,3065917
2018-09-07,5252.97998,5266.629883,5226.310059,5252.220215,5252.220215,83620300,2.083,2.093,2.083,2.088,2.088,0,52.139999,52.27,51.57,51.990002,51.390804,4386829,21.639999,21.959999,21.59,21.85,21.85,2970189
2018-09-10,5250.759766,5291.209961,5241.180176,5269.629883,5269.629883,71394000,2.085,2.093,2.083,2.083,2.083,0,51.91,52.279999,51.759998,51.880001,51.28207,3969608,21.780001,21.92,21.709999,21.84,21.84,2562429
2018-09-11,5284.240234,5285.02002,5240.040039,5283.790039,5283.790039,74742700,2.105,2.108,2.105,2.108,2.108,0,52.400002,52.98,51.98,52.98,52.369392,5730992,21.91,21.950001,21.700001,21.870001,21.870001,1946752
2018-09-12,5294.580078,5338.629883,5293.620117,5332.129883,5332.129883,75458800,2.105,2.105,2.105,2.105,2.105,0,53.099998,53.990002,53.099998,53.880001,53.259018,5562533,21.950001,22.08,21.879999,22.030001,22.030001,1853359
2018-09-13,5327.939941,5366.339844,5325.299805,5328.120117,5328.120117,75754300,2.093,2.093,2.09,2.093,2.093,0,53.619999,54.07,53.459999,53.529999,52.913052,4872368,21.959999,22.129999,21.84,21.889999,21.889999,2454633
2018-09-14,5353.580078,5362.200195,5338.25,5352.569824,5352.569824,66793100,2.095,2.103,2.095,2.103,2.103,0,53.57,54.029999,53.52,53.860001,53.23925,4427316,21.98,22.040001,21.549999,21.549999,21.549999,3686168
2018-09-17,5344.549805,5358.180176,5329.970215,5348.870117,5348.870117,66172300,2.11,2.11,2.105,2.108,2.108,0,53.720001,54.0,53.599998,53.709999,53.090977,3600708,21.5,21.610001,21.5,21.549999,21.549999,3199960
2018-09-18,5348.490234,5389.759766,5339.620117,5363.790039,5363.790039,80228500,2.118,2.133,2.118,2.125,2.125,0,53.509998,54.130001,53.48,53.98,53.357864,5144219,21.549999,21.9,21.530001,21.84,21.84,3923799
2018-09-19,5362.939941,5406.060059,5361.330078,5393.740234,5393.740234,85324800,2.125,2.138,2.12,2.12,2.12,0,54.0,54.220001,53.75,54.049999,53.427059,4967889,21.860001,21.92,21.73,21.9,21.9,2416068
2018-09-20,5398.200195,5461.109863,5398.200195,5451.589844,5451.589844,108602600,2.118,2.125,2.118,2.118,2.118,0,54.110001,54.93,54.110001,54.740002,54.109108,6700771,21.940001,22.030001,21.84,21.85,21.85,3219532
2018-09-21,5463.660156,5499.029785,5463.660156,5494.169922,5494.169922,222510800,2.12,2.125,2.12,2.123,2.123,0,54.470001,55.169998,54.470001,54.900002,54.267265,14412539,21.82,22.15,21.77,22.059999,22.059999,13649752
2018-09-24,5480.640137,5488.180176,5463.439941,5476.169922,5476.169922,73646100,2.128,2.133,2.123,2.123,2.123,0,54.990002,55.740002,54.990002,55.529999,54.889999,6891452,22.110001,22.48,22.110001,22.26,22.26,3486385
2018-09-25,5468.910156,5497.149902,5468.779785,5479.100098,5479.100098,74313200,2.17,2.17,2.165,2.168,2.168,0,55.25,55.860001,55.07,55.59,55.59,8293381,22.209999,22.360001,22.16,22.209999,22.209999,2165416
2018-09-26,5482.990234,5512.75,5471.569824,5512.72998,5512.72998,77971500,2.16,2.17,2.15,2.16,2.16,0,55.560001,55.740002,55.099998,55.43,55.43,7399283,22.18,22.530001,22.17,22.530001,22.530001,3443572
2018-09-27,5500.25,5546.799805,5485.830078,5540.410156,5540.410156,74700600,2.14,2.153,2.135,2.14,2.14,0,55.389999,56.169998,55.369999,56.02,56.02,6844886,22.549999,22.620001,22.389999,22.5,22.5,2746069
2018-09-28,5514.549805,5527.240234,5458.209961,5493.490234,5493.490234,112190100,2.145,2.158,2.145,2.15,2.15,0,55.779999,56.189999,55.240002,55.84,55.84,6779625,22.18,22.299999,21.959999,22.17,22.17,3563611
2018-10-01,5494.930176,5519.939941,5491.169922,5506.819824,5506.819824,75188000,2.158,2.163,2.153,2.155,2.155,0,56.110001,56.48,56.0,56.369999,56.369999,4797525,22.15,22.41,22.139999,22.15,22.15,1974877
2018-10-02,5473.790039,5480.240234,5440.779785,5467.890137,5467.890137,83460200,2.173,2.178,2.168,2.175,2.175,0,56.380001,56.68,55.970001,56.200001,56.200001,5208653,22.0,22.0,21.610001,21.799999,21.799999,3866387
2018-10-03,5485.02002,5509.080078,5468.470215,5491.399902,5491.399902,65565700,2.175,2.175,2.17,2.17,2.17,0,56.259998,56.5,56.0,56.299999,56.299999,4769760,21.84,22.1,21.790001,22.040001,22.040001,2012481
2018-10-04,5471.879883,5477.919922,5404.839844,5410.850098,5410.850098,94188600,2.17,2.173,2.168,2.17,2.17,0,56.189999,56.82,56.07,56.07,56.07,5386309,21.959999,22.049999,21.889999,21.950001,21.950001,2459886
2018-10-05,5407.580078,5412.310059,5354.790039,5359.359863,5359.359863,84127700,2.165,2.168,2.163,2.165,2.165,0,55.860001,56.169998,55.130001,55.130001,55.130001,5738692,21.950001,22.0,21.889999,21.92,21.92,2498190
2018-10-08,5339.490234,5349.310059,5291.740234,5300.25,5300.25,69434100,2.165,2.165,2.165,2.165,2.165,0,54.919998,55.150002,53.900002,54.049999,54.049999,5187149,21.780001,21.799999,21.57,21.620001,21.620001,3510593
2018-10-09,5304.109863,5328.370117,5260.529785,5318.549805,5318.549805,78857600,2.17,2.195,2.17,2.185,2.185,0,54.450001,54.900002,54.259998,54.830002,54.830002,5804198,21.719999,21.719999,21.5,21.629999,21.629999,2625882
2018-10-10,5319.27002,5319.879883,5200.109863,5206.220215,5206.220215,104816300,2.22,2.225,2.22,2.22,2.22,0,55.209999,56.259998,54.75,55.099998,55.099998,7088986,21.67,21.67,21.5,21.5,21.5,2834526
2018-10-11,5128.220215,5175.359863,5101.899902,5106.370117,5106.370117,141209700,2.218,2.22,2.215,2.215,2.215,0,53.91,54.369999,53.209999,53.209999,53.209999,10086659,21.450001,21.549999,21.4,21.450001,21.450001,7099226
2018-10-12,5160.22998,5164.029785,5095.740234,5095.97998,5095.97998,98283100,2.218,2.218,2.218,2.218,2.218,0,53.91,54.07,52.93,52.93,52.93,6362064,21.620001,21.639999,21.450001,21.450001,21.450001,3113825
2018-10-15,5095.120117,5105.930176,5058.049805,5095.069824,5095.069824,79093900,2.225,2.235,2.223,2.23,2.23,0,53.0,53.91,52.950001,53.549999,53.549999,5826673,21.450001,21.530001,21.4,21.49,21.49,3141143
2018-10-16,5094.439941,5176.799805,5082.410156,5173.049805,5173.049805,88042700,2.265,2.265,2.255,2.26,2.26,0,53.59,53.959999,52.59,53.82,53.82,5338538,21.5,22.02,21.48,21.99,21.99,3520769
2018-10-17,5187.109863,5205.379883,5117.22998,5144.950195,5144.950195,90604000,2.26,2.27,2.26,2.26,2.26,0,54.0,54.02,53.060001,53.459999,53.459999,5142636,22.0,22.17,21.700001,21.85,21.85,2841958
2018-10-18,5150.22998,5175.589844,5115.310059,5116.790039,5116.790039,99240000,2.258,2.26,2.255,2.255,2.255,0,53.5,53.849998,52.799999,52.799999,52.799999,4844602,21.85,22.23,21.85,21.879999,21.879999,3699157
2018-10-19,5119.640137,5133.589844,5057.450195,5084.660156,5084.660156,130238900,2.255,2.26,2.255,2.26,2.26,0,53.150002,53.560001,52.779999,52.830002,52.830002,8060058,22.030001,22.07,21.68,21.870001,21.870001,4467381
2018-10-22,5130.290039,5135.689941,5052.240234,5053.310059,5053.310059,74610400,2.258,2.26,2.258,2.258,2.258,0,53.23,53.259998,52.02,52.080002,52.080002,3910479,22.120001,22.17,21.559999,21.57,21.57,2637700
2018-10-23,4991.910156,5009.430176,4955.669922,4967.689941,4967.689941,0,2.285,2.29,2.285,2.29,2.29,0,51.880001,52.16,50.82,51.060001,51.060001,6267992,21.4,21.530001,21.299999,21.299999,21.299999,5478844
